id,target
7322,0.29852653519320227
7323,0.389
7324,0.239
7325,0.10300000000000001
7326,0.26499999999999996
7327,0.29852653519320227
7328,0.651
7329,0.58
7330,0.44700000000000006
7331,0.011000000000000001
7332,0.295
7333,0.7190000000000001
7334,0.534
7335,0.055
7336,0.44799999999999995
7337,0.011000000000000001
7338,0.049
7339,0.051000000000000004
7340,0.318
7341,0.247
7342,0.29852653519320227
7343,0.317
7344,0.29852653519320227
7345,0.304
7346,0.29852653519320227
7347,0.29852653519320227
7348,0.539
7349,0.08700000000000001
7350,0.22300000000000003
7351,0.64
7352,0.408
7353,0.34600000000000003
7354,0.10800000000000001
7355,0.493
7356,0.224
7357,0.6930000000000001
7358,0.67
7359,0.5359999999999999
7360,0.011000000000000001
7361,0.224
7362,0.076
7363,0.522
7364,0.29852653519320227
7365,0.09
7366,0.29852653519320227
7367,0.781
7368,0.29852653519320227
7369,0.6479999999999999
7370,0.075
7371,0.559492632675966
7372,0.476
7373,0.244
7374,0.343
7375,0.534
7376,0.287
7377,0.9300000000000002
7378,0.26299999999999996
7379,0.065
7380,0.171
7381,0.377
7382,0.201
7383,0.296
7384,0.16
7385,0.263
7386,0.047
7387,0.35100000000000003
7388,0.571
7389,0.709
7390,0.21600000000000003
7391,0.8429999999999997
7392,0.081
7393,0.122
7394,0.8429999999999997
7395,0.29852653519320227
7396,0.44799999999999995
7397,0.21799999999999997
7398,0.665
7399,0.591
7400,0.020999999999999998
7401,0.754
7402,0.537
7403,0.16
7404,0.585
7405,0.482
7406,0.361
7407,0.537
7408,0.42999999999999994
7409,0.539
7410,0.756
7411,0.6920000000000001
7412,0.078
7413,0.45330793650793644
7414,0.023999999999999997
7415,0.133
7416,0.29852653519320227
7417,0.501
7418,0.263
7419,0.29852653519320227
7420,0.8400000000000001
7421,0.44200000000000006
7422,0.12300000000000003
7423,0.29852653519320227
7424,0.871
7425,0.7360000000000001
7426,0.664
7427,0.29852653519320227
7428,0.20400000000000001
7429,0.4129999999999999
7430,0.753
7431,0.571
7432,0.29852653519320227
7433,0.051000000000000004
7434,0.5563079365079364
7435,0.598
7436,0.6261994227994229
7437,0.653
7438,0.091
7439,0.08
7440,0.576
7441,0.294
7442,0.5640000000000001
7443,0.8449999999999999
7444,0.082
7445,0.42099999999999993
7446,0.07400000000000001
7447,0.818
7448,0.307
7449,0.051000000000000004
7450,0.64
7451,0.536
7452,0.263
7453,0.601
7454,0.29852653519320227
7455,0.183
7456,0.8869999999999998
7457,0.010000000000000002
7458,0.377
7459,0.082
7460,0.34299999999999997
7461,0.575
7462,0.198
7463,0.563
7464,0.202
7465,0.45330793650793644
7466,0.772
7467,0.861
7468,0.084
7469,0.44699999999999995
7470,0.028
7471,0.609
7472,0.51
7473,0.598
7474,0.12400000000000001
7475,0.28
7476,0.213
7477,0.242
7478,0.241
7479,0.709
7480,0.34400000000000003
7481,0.485
7482,0.542
7483,0.16
7484,0.714
7485,0.201
7486,0.147
7487,0.136
7488,0.29852653519320227
7489,0.294
7490,0.21799999999999997
7491,0.082
7492,0.126
7493,0.586
7494,0.586
7495,0.504
7496,0.536
7497,0.6920000000000001
7498,0.16
7499,0.25
7500,0.31
7501,0.056
7502,0.239
7503,0.29852653519320227
7504,0.201
7505,0.287
7506,0.683
7507,0.352
7508,0.774
7509,0.762
7510,0.08000000000000002
7511,0.707
7512,0.144
7513,0.45300000000000007
7514,0.685
7515,0.10599999999999998
7516,0.8360000000000001
7517,0.165
7518,0.15000000000000002
7519,0.26299999999999996
7520,0.11
7521,0.13499999999999998
7522,0.361
7523,0.126
7524,0.29852653519320227
7525,0.343
7526,0.132
7527,0.066
7528,0.251
7529,0.111
7530,0.10800000000000001
7531,0.176
7532,0.29852653519320227
7533,0.018
7534,0.505
7535,0.329
7536,0.43399999999999994
7537,0.653
7538,0.37400000000000005
7539,0.243
7540,0.35100000000000003
7541,0.098
7542,0.20699999999999996
7543,0.156
7544,0.081
7545,0.408
7546,0.09499999999999999
7547,0.09400000000000001
7548,0.008
7549,0.066
7550,0.6261994227994229
7551,0.18
7552,0.682
7553,0.14900000000000002
7554,0.031000000000000003
7555,0.325
7556,0.156
7557,0.586
7558,0.011000000000000001
7559,0.639
7560,0.096
7561,0.6980000000000001
7562,0.063
7563,0.409
7564,0.29852653519320227
7565,0.256
7566,0.586
7567,0.5559999999999999
7568,0.541
7569,0.09499999999999999
7570,0.299
7571,0.031
7572,0.29852653519320227
7573,0.29852653519320227
7574,0.45199999999999996
7575,0.682
7576,0.669
7577,0.598
7578,0.20700000000000002
7579,0.20800000000000002
7580,0.20800000000000002
7581,0.29852653519320227
7582,0.505
7583,0.79
7584,0.29852653519320227
7585,0.111
7586,0.093
7587,0.29852653519320227
7588,0.261
7589,0.44700000000000006
7590,0.572
7591,0.21199999999999997
7592,0.284
7593,0.44799999999999995
7594,0.068
7595,0.477
7596,0.7110000000000001
7597,0.338
7598,0.482
7599,0.701
7600,0.373
7601,0.37400000000000005
7602,0.07
7603,0.44699999999999995
7604,0.37400000000000005
7605,0.068
7606,0.7000000000000001
7607,0.601
7608,0.749
7609,0.04900000000000001
7610,0.591
7611,0.06599999999999999
7612,0.5900000000000001
7613,0.496
7614,0.293
7615,0.179
7616,0.502
7617,0.032
7618,0.34700000000000003
7619,0.118
7620,0.065
7621,0.329
7622,0.221
7623,0.651
7624,0.156
7625,0.29852653519320227
7626,0.7030000000000001
7627,0.29852653519320227
7628,0.62
7629,0.356
7630,0.22099999999999997
7631,0.255
7632,0.082
7633,0.29852653519320227
7634,0.248
7635,0.673
7636,0.243
7637,0.023000000000000003
7638,0.10599999999999998
7639,0.025
7640,0.287
7641,0.446
7642,0.319
7643,0.126
7644,0.389
7645,0.44700000000000006
7646,0.477
7647,0.353
7648,0.315
7649,0.198
7650,0.45099999999999996
7651,0.010000000000000002
7652,0.29852653519320227
7653,0.35100000000000003
7654,0.29852653519320227
7655,0.25
7656,0.531
7657,0.176
7658,0.911
7659,0.24500000000000002
7660,0.373
7661,0.29852653519320227
7662,0.7360000000000001
7663,0.39727777777777773
7664,0.496
7665,0.153
7666,0.566
7667,0.09400000000000001
7668,0.34299999999999997
7669,0.516
7670,0.132
7671,0.773
7672,0.13
7673,0.534
7674,0.8729999999999998
7675,0.40700000000000003
7676,0.165
7677,0.653
7678,0.353
7679,0.24
7680,0.23299999999999998
7681,0.12100000000000001
7682,0.09
7683,0.081
7684,0.037
7685,0.006
7686,0.10299999999999998
7687,0.16
7688,0.20800000000000002
7689,0.329
7690,0.21799999999999997
7691,0.14400000000000002
7692,0.46499999999999997
7693,0.763
7694,0.045
7695,0.29852653519320227
7696,0.405
7697,0.13
7698,0.664
7699,0.485
7700,0.7190000000000001
7701,0.21600000000000003
7702,0.651
7703,0.113
7704,0.04
7705,0.29852653519320227
7706,0.508
7707,0.491
7708,0.37400000000000005
7709,0.386
7710,0.29852653519320227
7711,0.125
7712,0.023000000000000003
7713,0.238
7714,0.186
7715,0.501
7716,0.588
7717,0.201
7718,0.122
7719,0.025
7720,0.6980000000000001
7721,0.245
7722,0.682
7723,0.19
7724,0.692
7725,0.6799999999999999
7726,0.709
7727,0.21199999999999997
7728,0.39727777777777773
7729,0.261
7730,0.681
7731,0.611
7732,0.046
7733,0.751
7734,0.20800000000000002
7735,0.36000000000000004
7736,0.031000000000000003
7737,0.29852653519320227
7738,0.75
7739,0.618
7740,0.338
7741,0.821
7742,0.363
7743,0.16399999999999998
7744,0.126
7745,0.7180000000000001
7746,0.242
7747,0.314
7748,0.508
7749,0.032
7750,0.581
7751,0.41000000000000003
7752,0.641
7753,0.677
7754,0.665
7755,0.239
7756,0.18
7757,0.40199999999999997
7758,0.722
7759,0.29852653519320227
7760,0.098
7761,0.8299999999999998
7762,0.8069999999999999
7763,0.265
7764,0.18
7765,0.29852653519320227
7766,0.221
7767,0.541
7768,0.611
7769,0.304
7770,0.7180000000000001
7771,0.5589999999999999
7772,0.40700000000000003
7773,0.058
7774,0.796
7775,0.5589999999999999
7776,0.44799999999999995
7777,0.169
7778,0.41400000000000003
7779,0.54
7780,0.35100000000000003
7781,0.35100000000000003
7782,0.537
7783,0.6970000000000001
7784,0.594
7785,0.30630793650793653
7786,0.569
7787,0.272
7788,0.772
7789,0.508
7790,0.243
7791,0.093
7792,0.165
7793,0.14300000000000002
7794,0.781
7795,0.571
7796,0.7180000000000001
7797,0.16
7798,0.006
7799,0.598
7800,0.35100000000000003
7801,0.085
7802,0.5559999999999999
7803,0.351
7804,0.682
7805,0.44599999999999995
7806,0.277
7807,0.45330793650793644
7808,0.13
7809,0.295
7810,0.446
7811,0.26299999999999996
7812,0.45499999999999996
7813,0.03
7814,0.722
7815,0.332
7816,0.64
7817,0.307
7818,0.247
7819,0.157
7820,0.223
7821,0.8520000000000001
7822,0.13799999999999998
7823,0.666
7824,0.46599999999999997
7825,0.519
7826,0.43599999999999994
7827,0.679
7828,0.011000000000000001
7829,0.010000000000000002
7830,0.477
7831,0.39899999999999997
7832,0.515
7833,0.52
7834,0.6930000000000001
7835,0.26699999999999996
7836,0.306
7837,0.38799999999999996
7838,0.508
7839,0.36
7840,0.14400000000000002
7841,0.051000000000000004
7842,0.25
7843,0.197
7844,0.10699999999999998
7845,0.43699999999999994
7846,0.607
7847,0.299
7848,0.10800000000000001
7849,0.157
7850,0.769
7851,0.26299999999999996
7852,0.5680000000000001
7853,0.066
7854,0.745
7855,0.45499999999999996
7856,0.10599999999999998
7857,0.623
7858,0.17200000000000001
7859,0.025
7860,0.7350000000000001
7861,0.29852653519320227
7862,0.015
7863,0.51
7864,0.345
7865,0.05500000000000001
7866,0.42400000000000004
7867,0.22699999999999998
7868,0.132
7869,0.64
7870,0.20699999999999996
7871,0.36200000000000004
7872,0.374
7873,0.028
7874,0.6900000000000001
7875,0.502
7876,0.29852653519320227
7877,0.40800000000000003
7878,0.03
7879,0.539
7880,0.781
7881,0.345
7882,0.529
7883,0.29852653519320227
7884,0.198
7885,0.251
7886,0.586
7887,0.041
7888,0.622
7889,0.12
7890,0.5199999999999999
7891,0.113
7892,0.29852653519320227
7893,0.477
7894,0.794
7895,0.28
7896,0.537
7897,0.79
7898,0.683
7899,0.053
7900,0.29852653519320227
7901,0.732
7902,0.642
7903,0.573
7904,0.6930000000000001
7905,0.077
7906,0.45099999999999996
7907,0.664
7908,0.372
7909,0.197
7910,0.307
7911,0.5680000000000001
7912,0.66
7913,0.20700000000000002
7914,0.21000000000000002
7915,0.389
7916,0.14200000000000002
7917,0.091
7918,0.377
7919,0.5579999999999999
7920,0.8839999999999999
7921,0.539
7922,0.503
7923,0.67
7924,0.12300000000000003
7925,0.408
7926,0.723
7927,0.713
7928,0.295
7929,0.27699999999999997
7930,0.29852653519320227
7931,0.287
7932,0.408
7933,0.111
7934,0.616
7935,0.29
7936,0.414
7937,0.369
7938,0.8799999999999999
7939,0.679
7940,0.251
7941,0.616
7942,0.26499999999999996
7943,0.012
7944,0.389
7945,0.493
7946,0.36000000000000004
7947,0.40900000000000003
7948,0.20400000000000001
7949,0.571
7950,0.723
7951,0.29852653519320227
7952,0.43200000000000005
7953,0.3
7954,0.243
7955,0.626
7956,0.07400000000000001
7957,0.027999999999999997
7958,0.251
7959,0.29852653519320227
7960,0.29852653519320227
7961,0.17200000000000001
7962,0.5690000000000001
7963,0.034
7964,0.098
7965,0.29852653519320227
7966,0.653
7967,0.35200000000000004
7968,0.317
7969,0.344
7970,0.503
7971,0.29852653519320227
7972,0.861
7973,0.29852653519320227
7974,0.679
7975,0.436
7976,0.006
7977,0.10200000000000001
7978,0.06599999999999999
7979,0.264
7980,0.5569999999999999
7981,0.21000000000000002
7982,0.071
7983,0.37299999999999994
7984,0.541
7985,0.493
7986,0.361
7987,0.671
7988,0.655
7989,0.125
7990,0.5199999999999999
7991,0.756
7992,0.377
7993,0.8340000000000001
7994,0.871
7995,0.666
7996,0.332
7997,0.268
7998,0.287
7999,0.09400000000000001
8000,0.66
8001,0.063
8002,0.13399999999999998
8003,0.505
8004,0.295
8005,0.54
8006,0.13
8007,0.2923079365079365
8008,0.361
8009,0.792
8010,0.585
8011,0.504
8012,0.5900000000000001
8013,0.6242932098765432
8014,0.9300000000000002
8015,0.051000000000000004
8016,0.6930000000000001
8017,0.151
8018,0.647
8019,0.10299999999999998
8020,0.29852653519320227
8021,0.057999999999999996
8022,0.21000000000000002
8023,0.64
8024,0.028
8025,0.11300000000000002
8026,0.13499999999999998
8027,0.704
8028,0.006
8029,0.547
8030,0.516
8031,0.010000000000000002
8032,0.871
8033,0.255
8034,0.7160000000000001
8035,0.241
8036,0.356
8037,0.601
8038,0.239
8039,0.29852653519320227
8040,0.028
8041,0.221
8042,0.40900000000000003
8043,0.37400000000000005
8044,0.081
8045,0.043000000000000003
8046,0.142
8047,0.8400000000000001
8048,0.616
8049,0.666
8050,0.093
8051,0.8230000000000001
8052,0.516
8053,0.13
8054,0.6920000000000001
8055,0.505
8056,0.15000000000000002
8057,0.7030000000000001
8058,0.194
8059,0.12
8060,0.26999999999999996
8061,0.29852653519320227
8062,0.22100000000000003
8063,0.21000000000000002
8064,0.11100000000000002
8065,0.827
8066,0.27699999999999997
8067,0.774
8068,0.174
8069,0.781
8070,0.5609999999999999
8071,0.19599999999999998
8072,0.382
8073,0.201
8074,0.576
8075,0.06
8076,0.152
8077,0.8520000000000001
8078,0.19
8079,0.36000000000000004
8080,0.405
8081,0.40900000000000003
8082,0.29852653519320227
8083,0.38
8084,0.514
8085,0.294
8086,0.357
8087,0.098
8088,0.664
8089,0.794
8090,0.446
8091,0.38
8092,0.235
8093,0.123
8094,0.045
8095,0.619
8096,0.34299999999999997
8097,0.49
8098,0.379
8099,0.7200000000000001
8100,0.586
8101,0.315
8102,0.563
8103,0.7070000000000001
8104,0.357
8105,0.263
8106,0.44199999999999995
8107,0.38799999999999996
8108,0.23299999999999998
8109,0.353
8110,0.39727777777777773
8111,0.583
8112,0.40700000000000003
8113,0.287
8114,0.598
8115,0.662
8116,0.22699999999999998
8117,0.058
8118,0.138
8119,0.29852653519320227
8120,0.05500000000000001
8121,0.032
8122,0.382
8123,0.20400000000000001
8124,0.29852653519320227
8125,0.112
8126,0.233
8127,0.17300000000000001
8128,0.037
8129,0.027000000000000003
8130,0.041
8131,0.012
8132,0.83
8133,0.38799999999999996
8134,0.27399999999999997
8135,0.593
8136,0.5680000000000001
8137,0.13
8138,0.489
8139,0.36300000000000004
8140,0.14900000000000002
8141,0.369
8142,0.42700000000000005
8143,0.14100000000000001
8144,0.29400000000000004
8145,0.36400000000000005
8146,0.2923079365079365
8147,0.14400000000000002
8148,0.13399999999999998
8149,0.29852653519320227
8150,0.2923079365079365
8151,0.24
8152,0.389
8153,0.118
8154,0.122
8155,0.235
8156,0.07500000000000001
8157,0.647
8158,0.11
8159,0.587
8160,0.012
8161,0.198
8162,0.5609999999999999
8163,0.24
8164,0.066
8165,0.372
8166,0.075
8167,0.263
8168,0.11399999999999999
8169,0.11199999999999999
8170,0.45499999999999996
8171,0.307
8172,0.12
8173,0.032
8174,0.17300000000000001
8175,0.169
8176,0.21799999999999997
8177,0.037
8178,0.14900000000000002
8179,0.16
8180,0.29852653519320227
8181,0.47
8182,0.317
8183,0.17099999999999999
8184,0.17200000000000001
8185,0.224
8186,0.372
8187,0.583
8188,0.325
8189,0.45499999999999996
8190,0.629
8191,0.29852653519320227
8192,0.082
8193,0.156
8194,0.40900000000000003
8195,0.027999999999999997
8196,0.26499999999999996
8197,0.855
8198,0.773
8199,0.585
8200,0.27699999999999997
8201,0.29852653519320227
8202,0.35100000000000003
8203,0.598
8204,0.05600000000000001
8205,0.247
8206,0.126
8207,0.14200000000000002
8208,0.349
8209,0.51
8210,0.329
8211,0.010000000000000002
8212,0.20299999999999999
8213,0.018
8214,0.318
8215,0.585
8216,0.634
8217,0.093
8218,0.066
8219,0.011000000000000001
8220,0.3959999999999999
8221,0.11100000000000002
8222,0.082
8223,0.26299999999999996
8224,0.374
8225,0.25
8226,0.44799999999999995
8227,0.653
8228,0.19
8229,0.247
8230,0.202
8231,0.093
8232,0.521
8233,0.474
8234,0.251
8235,0.156
8236,0.307
8237,0.818
8238,0.057999999999999996
8239,0.29852653519320227
8240,0.707
8241,0.44599999999999995
8242,0.42399999999999993
8243,0.29852653519320227
8244,0.626
8245,0.122
8246,0.082
8247,0.382
8248,0.677
8249,0.201
8250,0.695
8251,0.542
8252,0.5640000000000001
8253,0.248
8254,0.29852653519320227
8255,0.256
8256,0.006
8257,0.048
8258,0.198
8259,0.40800000000000003
8260,0.26699999999999996
8261,0.282
8262,0.566
8263,0.42699999999999994
8264,0.36
8265,0.29852653519320227
8266,0.8199999999999998
8267,0.031
8268,0.563
8269,0.344
8270,0.396
8271,0.19599999999999998
8272,0.382
8273,0.343
8274,0.382
8275,0.5609999999999999
8276,0.010000000000000002
8277,0.317
8278,0.157
8279,0.64
8280,0.242
8281,0.6920000000000001
8282,0.224
8283,0.83
8284,0.29852653519320227
8285,0.651
8286,0.6960000000000001
8287,0.171
8288,0.282
8289,0.885
8290,0.493
8291,0.21199999999999997
8292,0.781
8293,0.13399999999999998
8294,0.25
8295,0.2923079365079365
8296,0.202
8297,0.282
8298,0.093
8299,0.099
8300,0.45600000000000007
8301,0.09499999999999999
8302,0.027000000000000003
8303,0.17700000000000002
8304,0.023000000000000003
8305,0.8299999999999998
8306,0.821
8307,0.282
8308,0.34299999999999997
8309,0.25
8310,0.21000000000000002
8311,0.023000000000000003
8312,0.722
8313,0.08
8314,0.664
8315,0.762
8316,0.047
8317,0.562
8318,0.016
8319,0.058
8320,0.10800000000000001
8321,0.29852653519320227
8322,0.159
8323,0.29852653519320227
8324,0.11399999999999999
8325,0.065
8326,0.585
8327,0.6592777777777777
8328,0.239
8329,0.674
8330,0.24500000000000002
8331,0.29852653519320227
8332,0.38799999999999996
8333,0.11300000000000002
8334,0.183
8335,0.4129999999999999
8336,0.674
8337,0.09499999999999999
8338,0.176
8339,0.113
8340,0.045
8341,0.345
8342,0.36
8343,0.629
8344,0.42400000000000004
8345,0.277
8346,0.321
8347,0.671
8348,0.501
8349,0.6900000000000001
8350,0.318
8351,0.515
8352,0.5589999999999999
8353,0.24
8354,0.62
8355,0.7200000000000001
8356,0.157
8357,0.508
8358,0.010000000000000002
8359,0.197
8360,0.517
8361,0.272
8362,0.8069999999999999
8363,0.508
8364,0.44699999999999995
8365,0.685
8366,0.14400000000000002
8367,0.29852653519320227
8368,0.012000000000000002
8369,0.5452932098765433
8370,0.45099999999999996
8371,0.45099999999999996
8372,0.096
8373,0.774
8374,0.391
8375,0.34199999999999997
8376,0.798
8377,0.8339999999999999
8378,0.246
8379,0.772
8380,0.644
8381,0.802
8382,0.07300000000000001
8383,0.4612044171877505
8384,0.5619999999999999
8385,0.41999999999999993
8386,0.634
8387,0.055
8388,0.587
8389,0.34
8390,0.809
8391,0.666
8392,0.371
8393,0.7123121212121212
8394,0.241
8395,0.351
8396,0.774
8397,0.20400000000000001
8398,0.664
8399,0.051
8400,0.652
8401,0.122
8402,0.8500000000000001
8403,0.43799999999999994
8404,0.351
8405,0.648
8406,0.081
8407,0.492
8408,0.5619999999999999
8409,0.29852653519320227
8410,0.764
8411,0.36200000000000004
8412,0.646
8413,0.5599999999999999
8414,0.736
8415,0.5599999999999999
8416,0.676
8417,0.845
8418,0.187
8419,0.595
8420,0.46099999999999997
8421,0.215
8422,0.168
8423,0.684
8424,0.29852653519320227
8425,0.4993079365079365
8426,0.309
8427,0.034
8428,0.48
8429,0.867
8430,0.32199999999999995
8431,0.13
8432,0.42399999999999993
8433,0.526
8434,0.6
8435,0.679
8436,0.017
8437,0.506
8438,0.624
8439,0.5640000000000001
8440,0.11800000000000001
8441,0.20500000000000002
8442,0.29852653519320227
8443,0.648
8444,0.42500000000000004
8445,0.547
8446,0.136
8447,0.477
8448,0.7310000000000001
8449,0.6990000000000001
8450,0.363
8451,0.6012777777777778
8452,0.6920000000000001
8453,0.29852653519320227
8454,0.44200000000000006
8455,0.647
8456,0.16
8457,0.22699999999999998
8458,0.183
8459,0.802
8460,0.77
8461,0.773
8462,0.208
8463,0.595
8464,0.23299999999999998
8465,0.7030000000000001
8466,0.09
8467,0.586
8468,0.29852653519320227
8469,0.312
8470,0.274
8471,0.393
8472,0.053000000000000005
8473,0.501
8474,0.8219999999999998
8475,0.7150000000000001
8476,0.501
8477,0.5609999999999999
8478,0.393
8479,0.026999999999999996
8480,0.627
8481,0.634
8482,0.667
8483,0.652
8484,0.529
8485,0.22099999999999997
8486,0.487
8487,0.02
8488,0.024999999999999998
8489,0.5452932098765433
8490,0.11599999999999999
8491,0.5
8492,0.154
8493,0.246
8494,0.29852653519320227
8495,0.038000000000000006
8496,0.7729999999999999
8497,0.44299999999999995
8498,0.5740000000000001
8499,0.16799999999999998
8500,0.11
8501,0.034
8502,0.477
8503,0.7230000000000001
8504,0.832
8505,0.776
8506,0.546
8507,0.751
8508,0.758
8509,0.676
8510,0.669
8511,0.032
8512,0.27899999999999997
8513,0.352
8514,0.663
8515,0.29852653519320227
8516,0.472
8517,0.29852653519320227
8518,0.517
8519,0.628
8520,0.18300000000000002
8521,0.5383079365079365
8522,0.644
8523,0.061000000000000006
8524,0.661
8525,0.419
8526,0.047
8527,0.903
8528,0.304
8529,0.129
8530,0.011
8531,0.616
8532,0.7510000000000001
8533,0.36200000000000004
8534,0.29852653519320227
8535,0.053000000000000005
8536,0.213
8537,0.045
8538,0.425
8539,0.6364779060445728
8540,0.42899999999999994
8541,0.829
8542,0.138
8543,0.17
8544,0.29852653519320227
8545,0.498
8546,0.12400000000000001
8547,0.7410000000000001
8548,0.331
8549,0.086
8550,0.08000000000000002
8551,0.494
8552,0.29852653519320227
8553,0.417
8554,0.46599999999999997
8555,0.248
8556,0.784
8557,0.40800000000000003
8558,0.7050000000000001
8559,0.723
8560,0.245
8561,0.318
8562,0.309
8563,0.4423015873015873
8564,0.5
8565,0.653
8566,0.834
8567,0.49700000000000005
8568,0.065
8569,0.42300000000000004
8570,0.724
8571,0.657
8572,0.807
8573,0.26699999999999996
8574,0.036
8575,0.064
8576,0.4049999999999999
8577,0.2
8578,0.7190000000000001
8579,0.595
8580,0.514
8581,0.5609999999999999
8582,0.58
8583,0.323
8584,0.43700000000000006
8585,0.046000000000000006
8586,0.8
8587,0.42
8588,0.8159999999999998
8589,0.359
8590,0.334
8591,0.762
8592,0.358
8593,0.08700000000000001
8594,0.388
8595,0.213
8596,0.731
8597,0.053
8598,0.075
8599,0.38899999999999996
8600,0.4612044171877505
8601,0.672
8602,0.29
8603,0.634492632675966
8604,0.253
8605,0.666
8606,0.616
8607,0.022
8608,0.482
8609,0.29852653519320227
8610,0.591
8611,0.375
8612,0.487
8613,0.8140000000000001
8614,0.26499999999999996
8615,0.14100000000000001
8616,0.165
8617,0.543
8618,0.1
8619,0.27399999999999997
8620,0.319
8621,0.5559999999999999
8622,0.67
8623,0.082
8624,0.736
8625,0.516
8626,0.843
8627,0.451
8628,0.049
8629,0.855
8630,0.101
8631,0.033
8632,0.087
8633,0.7443079365079366
8634,0.502
8635,0.608
8636,0.319
8637,0.375
8638,0.494
8639,0.603
8640,0.5479999999999999
8641,0.728
8642,0.29852653519320227
8643,0.29852653519320227
8644,0.083
8645,0.121
8646,0.683
8647,0.717
8648,0.22800000000000004
8649,0.40800000000000003
8650,0.343
8651,0.388
8652,0.375
8653,0.482
8654,0.6406031746031746
8655,0.044000000000000004
8656,0.35100000000000003
8657,0.609
8658,0.7150000000000001
8659,0.548
8660,0.631
8661,0.6789999999999999
8662,0.948
8663,0.266
8664,0.473
8665,0.338
8666,0.548
8667,0.562
8668,0.819
8669,0.75
8670,0.5630000000000001
8671,0.31
8672,0.187
8673,0.6950000000000001
8674,0.595
8675,0.078
8676,0.903
8677,0.075
8678,0.611
8679,0.5630000000000001
8680,0.051
8681,0.45899999999999996
8682,0.642
8683,0.649
8684,0.38600000000000007
8685,0.5660000000000001
8686,0.351
8687,0.10700000000000001
8688,0.427
8689,0.684
8690,0.084
8691,0.8530000000000001
8692,0.7080000000000001
8693,0.504
8694,0.29852653519320227
8695,0.6950000000000001
8696,0.475
8697,0.6960000000000001
8698,0.557
8699,0.72
8700,0.12400000000000001
8701,0.40099999999999997
8702,0.5449999999999999
8703,0.154
8704,0.562
8705,0.312
8706,0.048
8707,0.142
8708,0.102
8709,0.731
8710,0.36100000000000004
8711,0.7150000000000001
8712,0.07800000000000001
8713,0.588
8714,0.11400000000000002
8715,0.26499999999999996
8716,0.44499999999999995
8717,0.509
8718,0.256
8719,0.595
8720,0.186
8721,0.873
8722,0.775
8723,0.592
8724,0.776
8725,0.084
8726,0.012
8727,0.17
8728,0.729
8729,0.723
8730,0.659
8731,0.48700000000000004
8732,0.545
8733,0.09500000000000001
8734,0.29852653519320227
8735,0.587
8736,0.164
8737,0.186
8738,0.683
8739,0.766
8740,0.664
8741,0.02
8742,0.318
8743,0.06999999999999999
8744,0.8500000000000001
8745,0.482
8746,0.10999999999999999
8747,0.401
8748,0.774
8749,0.1
8750,0.827
8751,0.16899999999999998
8752,0.683
8753,0.8720000000000001
8754,0.21400000000000002
8755,0.21700000000000003
8756,0.627
8757,0.716
8758,0.766
8759,0.634492632675966
8760,0.668
8761,0.367
8762,0.731
8763,0.29852653519320227
8764,0.40599999999999997
8765,0.20500000000000002
8766,0.29852653519320227
8767,0.504
8768,0.708
8769,0.518
8770,0.565
8771,0.21300000000000002
8772,0.8579999999999999
8773,0.504
8774,0.365
8775,0.174
8776,0.45899999999999996
8777,0.525
8778,0.114
8779,0.225
8780,0.752
8781,0.52
8782,0.903
8783,0.29852653519320227
8784,0.269
8785,0.33
8786,0.629
8787,0.23099999999999998
8788,0.7989999999999999
8789,0.511
8790,0.187
8791,0.771
8792,0.02
8793,0.42600000000000005
8794,0.45500000000000007
8795,0.40800000000000003
8796,0.256
8797,0.38799999999999996
8798,1.0
8799,0.621
8800,0.10899999999999999
8801,0.256
8802,0.46900000000000003
8803,0.9279999999999999
8804,0.164
8805,0.8459999999999999
8806,0.782
8807,0.52
8808,0.504
8809,0.8530000000000001
8810,0.678
8811,0.296
8812,0.102
8813,0.679
8814,0.451
8815,0.185
8816,0.672
8817,0.43599999999999994
8818,0.7913079365079365
8819,0.182
8820,0.29852653519320227
8821,0.43399999999999994
8822,0.873
8823,0.546
8824,0.093
8825,0.233
8826,0.574
8827,0.13499999999999998
8828,0.29852653519320227
8829,0.419
8830,0.201
8831,0.038
8832,0.5579999999999999
8833,0.06699999999999999
8834,0.5670000000000001
8835,0.5609999999999999
8836,0.629
8837,0.572
8838,0.27499999999999997
8839,0.254
8840,0.072
8841,0.6920000000000001
8842,0.843
8843,0.758
8844,0.43700000000000006
8845,0.5489999999999999
8846,0.6940000000000001
8847,0.092
8848,0.482
8849,0.847
8850,0.11299999999999999
8851,0.351
8852,0.6
8853,0.133
8854,0.581
8855,0.46699999999999997
8856,0.07800000000000001
8857,0.388
8858,0.8460000000000001
8859,0.191
8860,0.19899999999999995
8861,0.248
8862,0.075
8863,0.569
8864,0.77
8865,0.068
8866,0.1
8867,0.36200000000000004
8868,0.251
8869,0.774
8870,0.504
8871,0.6880000000000001
8872,0.29852653519320227
8873,0.037
8874,0.678
8875,0.116
8876,0.407
8877,0.545
8878,0.7050000000000001
8879,0.476
8880,0.616
8881,0.053000000000000005
8882,0.32199999999999995
8883,0.327
8884,0.097
8885,0.622
8886,0.7370000000000001
8887,0.41999999999999993
8888,0.11400000000000002
8889,0.26499999999999996
8890,0.07300000000000001
8891,0.51
8892,0.45200000000000007
8893,0.487
8894,0.717
8895,0.08299999999999999
8896,0.57
8897,0.8019999999999999
8898,0.533
8899,0.299
8900,0.29852653519320227
8901,0.861
8902,0.7939999999999999
8903,0.11100000000000002
8904,0.579
8905,0.017
8906,0.758
8907,0.29852653519320227
8908,0.29852653519320227
8909,0.115
8910,0.628
8911,0.423
8912,0.522
8913,0.44500000000000006
8914,0.23299999999999998
8915,0.394
8916,0.645
8917,0.489
8918,0.29852653519320227
8919,0.10800000000000001
8920,0.717
8921,0.766
8922,0.099
8923,0.326
8924,0.185
8925,0.441
8926,0.773
8927,0.595
8928,0.497
8929,0.7220000000000001
8930,0.791
8931,0.125
8932,0.258
8933,0.648
8934,0.574
8935,0.29852653519320227
8936,0.396
8937,0.756
8938,0.328
8939,0.099
8940,0.717
8941,0.033
8942,0.193
8943,0.11100000000000002
8944,0.22800000000000004
8945,0.675
8946,0.45699999999999996
8947,0.143
8948,0.477
8949,0.121
8950,0.032
8951,0.827
8952,0.017
8953,0.807
8954,0.776
8955,0.851
8956,0.543
8957,0.22300000000000003
8958,0.076
8959,0.324
8960,0.385
8961,0.143
8962,0.9580000000000002
8963,0.7210000000000001
8964,0.087
8965,0.034
8966,0.5299999999999999
8967,0.12499999999999997
8968,0.641
8969,0.6950000000000001
8970,0.483
8971,0.29852653519320227
8972,0.237
8973,0.44999999999999996
8974,0.753
8975,0.7350000000000001
8976,0.34600000000000003
8977,0.29852653519320227
8978,0.5175857142857143
8979,0.6406031746031746
8980,0.509
8981,0.304
8982,0.27
8983,0.278
8984,0.039
8985,0.852
8986,0.678
8987,0.8519999999999999
8988,0.07400000000000001
8989,0.387
8990,0.59
8991,0.327
8992,0.025
8993,0.617
8994,0.517
8995,0.42200000000000004
8996,0.047
8997,0.159
8998,0.08499999999999999
8999,0.484
9000,0.7500000000000001
9001,0.369
9002,0.588
9003,0.641
9004,0.29852653519320227
9005,0.79
9006,0.5
9007,0.226
9008,0.672
9009,0.324
9010,0.594
9011,0.4870000000000001
9012,0.303
9013,0.522
9014,0.36
9015,0.134
9016,0.617
9017,0.255
9018,0.22900000000000004
9019,0.016
9020,0.494
9021,0.293
9022,0.301
9023,0.736
9024,0.093
9025,0.087
9026,0.791
9027,0.615
9028,0.7050000000000001
9029,0.633
9030,0.576
9031,0.29852653519320227
9032,0.29852653519320227
9033,0.40199999999999997
9034,0.77
9035,0.684
9036,0.193
9037,0.5192932098765433
9038,0.617
9039,0.8220000000000001
9040,0.8579999999999999
9041,0.5022932098765432
9042,0.127
9043,0.634
9044,0.8299999999999998
9045,0.45999999999999996
9046,0.477
9047,0.42699999999999994
9048,0.44499999999999995
9049,0.022
9050,0.506
9051,0.7939999999999999
9052,0.61
9053,0.667
9054,0.29852653519320227
9055,0.43999999999999995
9056,0.323
9057,0.29852653519320227
9058,0.683
9059,0.404
9060,0.711
9061,0.311
9062,0.46699999999999997
9063,0.588
9064,0.316
9065,0.599
9066,0.29852653519320227
9067,0.7050000000000001
9068,0.7350000000000001
9069,0.12
9070,0.29852653519320227
9071,0.49700000000000005
9072,0.603
9073,0.743
9074,0.817
9075,0.061
9076,0.046
9077,0.522
9078,0.061
9079,0.004
9080,0.716
9081,0.702
9082,0.29852653519320227
9083,0.2
9084,0.477
9085,0.7130000000000001
9086,0.161
9087,0.476
9088,0.482
9089,0.498
9090,0.068
9091,0.7350000000000001
9092,0.22300000000000003
9093,0.731
9094,0.048
9095,0.7449999999999999
9096,0.29852653519320227
9097,0.46699999999999997
9098,0.6910000000000001
9099,0.36
9100,0.44200000000000006
9101,0.482
9102,0.208
9103,0.807
9104,0.43700000000000006
9105,0.351
9106,0.295
9107,0.46699999999999997
9108,0.46699999999999997
9109,0.584
9110,0.296
9111,0.351
9112,0.21700000000000003
9113,0.7220000000000001
9114,0.709
9115,0.156
9116,0.11599999999999999
9117,0.06499999999999999
9118,0.759
9119,0.10999999999999999
9120,0.10600000000000001
9121,0.839
9122,0.626
9123,0.639
9124,0.484
9125,0.668
9126,0.45499999999999996
9127,0.187
9128,0.23199999999999998
9129,0.09099999999999998
9130,0.47
9131,0.753
9132,0.14100000000000001
9133,0.7350000000000001
9134,0.612
9135,0.663
9136,0.161
9137,0.23299999999999998
9138,0.388
9139,0.45699999999999996
9140,0.187
9141,0.545
9142,0.237
9143,0.848
9144,0.501
9145,0.05900000000000001
9146,0.317
9147,0.472
9148,0.587
9149,0.698
9150,1.0
9151,0.29852653519320227
9152,0.863
9153,0.23800000000000002
9154,0.543
9155,0.263
9156,0.948
9157,0.306
9158,0.8409999999999999
9159,0.375
9160,0.487
9161,0.063
9162,0.29852653519320227
9163,0.42
9164,0.686
9165,0.133
9166,0.19899999999999995
9167,0.10999999999999999
9168,0.321
9169,0.574
9170,0.333
9171,0.044000000000000004
9172,0.589
9173,0.43699999999999994
9174,0.848
9175,0.16899999999999998
9176,0.020999999999999998
9177,0.571
9178,0.8360000000000001
9179,0.14500000000000002
9180,0.018000000000000002
9181,0.664
9182,0.7080000000000001
9183,0.29852653519320227
9184,0.117
9185,0.817
9186,0.648
9187,0.516
9188,0.637
9189,0.153
9190,0.5409999999999999
9191,0.29852653519320227
9192,0.012000000000000002
9193,0.038
9194,0.487
9195,0.732
9196,0.29852653519320227
9197,0.189
9198,0.033
9199,0.39699999999999996
9200,0.5
9201,0.108
9202,0.119
9203,0.526
9204,0.185
9205,0.147
9206,0.504
9207,0.5630000000000001
9208,0.216
9209,0.072
9210,0.667
9211,0.4169999999999999
9212,0.46699999999999997
9213,0.326
9214,0.724
9215,0.8109999999999999
9216,0.4109999999999999
9217,0.29852653519320227
9218,0.29852653519320227
9219,0.585
9220,0.599
9221,0.34400000000000003
9222,0.38999999999999996
9223,0.5619999999999999
9224,0.29852653519320227
9225,0.064
9226,0.518
9227,0.639
9228,0.08
9229,0.29852653519320227
9230,0.19899999999999995
9231,0.8679999999999999
9232,0.02
9233,0.7130000000000001
9234,0.082
9235,0.06
9236,0.2
9237,0.1
9238,0.626
9239,0.119
9240,0.751
9241,0.899
9242,0.664
9243,0.061
9244,0.29852653519320227
9245,0.198
9246,0.271
9247,0.44599999999999995
9248,0.13299999999999998
9249,0.585
9250,0.26499999999999996
9251,0.16799999999999998
9252,0.09200000000000001
9253,0.381
9254,0.709
9255,0.518
9256,0.629
9257,0.265
9258,0.29852653519320227
9259,0.11599999999999999
9260,0.643
9261,0.7220000000000001
9262,0.197
9263,0.42600000000000005
9264,0.613
9265,0.731
9266,0.338
9267,0.686
9268,0.585
9269,0.473
9270,0.02
9271,0.52
9272,0.589
9273,0.078
9274,0.8679999999999999
9275,0.915
9276,0.8410000000000001
9277,0.425
9278,0.242
9279,0.29852653519320227
9280,0.27299999999999996
9281,0.731
9282,0.681
9283,0.21899999999999997
9284,0.331
9285,0.23800000000000002
9286,0.061
9287,0.032
9288,0.311
9289,0.8029999999999999
9290,0.178
9291,0.334
9292,0.489
9293,0.44199999999999995
9294,0.4179999999999999
9295,0.11599999999999999
9296,0.773
9297,0.4109999999999999
9298,0.733
9299,0.724
9300,0.608
9301,0.609
9302,0.5479999999999999
9303,0.34400000000000003
9304,0.17099999999999999
9305,0.188
9306,0.227
9307,0.471
9308,0.025
9309,0.126
9310,0.26499999999999996
9311,0.481
9312,0.208
9313,0.034
9314,0.025
9315,0.034
9316,0.7769999999999999
9317,0.6555353535353535
9318,0.545
9319,0.792
9320,0.41600000000000004
9321,0.20400000000000001
9322,0.5188789241622574
9323,0.22999999999999998
9324,0.668
9325,0.7150000000000001
9326,0.034
9327,0.36
9328,0.29852653519320227
9329,0.29852653519320227
9330,0.29852653519320227
9331,0.163
9332,0.498
9333,0.29852653519320227
9334,0.5579999999999999
9335,0.375
9336,0.751
9337,0.8360000000000001
9338,0.616
9339,0.659
9340,0.236
9341,0.2
9342,0.492
9343,0.45699999999999996
9344,0.07500000000000001
9345,0.32199999999999995
9346,0.11399999999999999
9347,0.877
9348,0.48
9349,0.8679999999999999
9350,0.697
9351,0.29852653519320227
9352,0.39999999999999997
9353,0.652
9354,0.22699999999999998
9355,0.34199999999999997
9356,0.35100000000000003
9357,0.605
9358,0.31
9359,0.652
9360,0.775
9361,0.038
9362,0.068
9363,0.186
9364,0.356
9365,0.361
9366,0.17099999999999999
9367,0.8049999999999999
9368,0.613
9369,0.061
9370,0.742
9371,0.5579999999999999
9372,0.278
9373,0.855
9374,0.473
9375,0.237
9376,0.084
9377,0.8979999999999999
9378,0.15
9379,0.27999999999999997
9380,0.328
9381,0.061000000000000006
9382,0.084
9383,0.29852653519320227
9384,0.8
9385,0.29852653519320227
9386,0.5462932098765432
9387,0.773
9388,0.5640000000000001
9389,0.46099999999999997
9390,0.485
9391,0.29852653519320227
9392,0.22800000000000004
9393,0.683
9394,0.6970000000000001
9395,0.188
9396,0.14300000000000002
9397,0.477
9398,0.41900000000000004
9399,0.245
9400,0.08000000000000002
9401,0.785
9402,0.668
9403,0.716
9404,0.403
9405,0.034
9406,0.837
9407,0.331
9408,0.865
9409,0.29852653519320227
9410,0.208
9411,0.236
9412,0.5289999999999999
9413,0.6890000000000001
9414,0.744
9415,0.471
9416,0.266
9417,0.684
9418,0.052000000000000005
9419,0.339
9420,0.64
9421,0.676
9422,0.506
9423,0.113
9424,0.8460000000000001
9425,0.542
9426,0.376
9427,0.5579999999999999
9428,0.208
9429,0.369
9430,0.646
9431,0.404
9432,0.472
9433,0.081
9434,0.226
9435,0.29852653519320227
9436,0.492
9437,0.8
9438,0.517
9439,0.775
9440,0.45999999999999996
9441,0.147
9442,0.08000000000000002
9443,0.7150000000000001
9444,0.518
9445,0.72
9446,0.768
9447,0.722
9448,0.38899999999999996
9449,0.394
9450,0.7470000000000001
9451,0.126
9452,0.75
9453,0.4736011463844797
9454,0.8939999999999999
9455,0.839
9456,0.7050000000000001
9457,0.716
9458,0.482
9459,0.19399999999999998
9460,0.189
9461,0.20299999999999999
9462,0.717
9463,0.11599999999999999
9464,0.4993079365079365
9465,0.239
9466,0.516
9467,0.646
9468,0.5319999999999999
9469,0.419
9470,0.664
9471,0.061000000000000006
9472,0.8380000000000001
9473,0.099
9474,0.06699999999999999
9475,0.625
9476,0.579
9477,0.44799999999999995
9478,0.08099999999999999
9479,0.31
9480,0.637
9481,0.29852653519320227
9482,0.189
9483,0.774
9484,0.10899999999999999
9485,0.627
9486,0.502
9487,0.422
9488,0.05
9489,0.738
9490,0.38999999999999996
9491,0.553
9492,0.337
9493,0.07800000000000001
9494,0.324
9495,0.717
9496,0.7120000000000001
9497,0.293
9498,0.182
9499,0.7150000000000001
9500,0.42000000000000004
9501,0.44299999999999995
9502,0.151
9503,0.261
9504,0.603
9505,0.593
9506,0.07799999999999999
9507,0.033
9508,0.664
9509,0.8339999999999999
9510,0.664
9511,0.7729999999999999
9512,0.264
9513,0.8460000000000001
9514,0.101
9515,0.594
9516,0.06699999999999999
9517,0.29852653519320227
9518,0.7500000000000001
9519,0.8380000000000001
9520,0.26499999999999996
9521,0.076
9522,0.11499999999999999
9523,0.34500000000000003
9524,0.605
9525,0.7130000000000001
9526,0.6406031746031746
9527,0.728
9528,0.127
9529,0.7410000000000001
9530,0.67
9531,0.731
9532,0.11299999999999999
9533,0.361
9534,0.138
9535,0.753
9536,0.29852653519320227
9537,0.34400000000000003
9538,0.8359999999999999
9539,0.773
9540,0.629
9541,0.634
9542,0.008
9543,0.491
9544,0.7410000000000001
9545,0.29852653519320227
9546,0.419
9547,0.12
9548,0.137
9549,0.766
9550,0.601
9551,0.595
9552,0.29852653519320227
9553,0.5609999999999999
9554,0.254
9555,0.774
9556,0.172
9557,0.621
9558,0.27
9559,0.43599999999999994
9560,0.093
9561,0.8739999999999999
9562,0.245
9563,0.528
9564,0.664
9565,0.375
9566,0.116
9567,0.1
9568,0.673
9569,0.35100000000000003
9570,0.549
9571,0.8220000000000001
9572,0.609
9573,0.742
9574,0.7080000000000001
9575,0.29852653519320227
9576,1.0
9577,0.265
9578,0.24300000000000002
9579,0.802
9580,0.821
9581,0.656
9582,0.8049999999999999
9583,0.07400000000000001
9584,0.625
9585,0.104
9586,0.189
9587,0.686
9588,0.044000000000000004
9589,0.301
9590,0.666
9591,0.649
9592,0.555
9593,0.04
9594,0.875
9595,0.23299999999999998
9596,0.821
9597,0.682
9598,0.7210000000000001
9599,0.233
9600,0.49700000000000005
9601,0.8019999999999999
9602,0.5097053310886644
9603,0.081
9604,0.21700000000000003
9605,0.187
9606,0.29852653519320227
9607,0.044
9608,0.30200000000000005
9609,0.5192932098765433
9610,0.751
9611,0.36100000000000004
9612,0.38099999999999995
9613,0.186
9614,0.23199999999999998
9615,0.673
9616,0.53
9617,0.518
9618,0.487
9619,0.7150000000000001
9620,0.092
9621,0.046
9622,0.29852653519320227
9623,0.382
9624,0.8029999999999999
9625,0.23600000000000002
9626,0.29000000000000004
9627,0.7190000000000001
9628,0.768
9629,0.125
9630,0.29852653519320227
9631,0.604
9632,0.331
9633,0.708
9634,0.538
9635,0.56
9636,0.794
9637,0.262
9638,0.518
9639,0.148
9640,0.8639999999999999
9641,0.819
9642,0.211
9643,0.498
9644,0.355
9645,0.025
9646,0.45500000000000007
9647,0.478
9648,0.14700000000000002
9649,0.299
9650,0.855
9651,0.6960000000000001
9652,0.057999999999999996
9653,0.7050000000000001
9654,0.27499999999999997
9655,0.29852653519320227
9656,0.389
9657,0.11400000000000002
9658,0.8409999999999999
9659,0.627
9660,0.591
9661,0.29852653519320227
9662,0.309
9663,0.584
9664,0.113
9665,0.364
9666,0.5529999999999999
9667,0.46199999999999997
9668,0.21500000000000002
9669,0.075
9670,0.2443015873015873
9671,0.788
9672,0.8310000000000001
9673,0.595
9674,0.29852653519320227
9675,0.63
9676,0.5630000000000001
9677,0.020999999999999998
9678,0.44199999999999995
9679,0.595
9680,0.565
9681,0.09099999999999998
9682,0.533
9683,0.42999999999999994
9684,0.45699999999999996
9685,0.44000000000000006
9686,0.7913079365079365
9687,0.246
9688,0.115
9689,0.038
9690,0.163
9691,0.81
9692,0.324
9693,0.083
9694,0.8219999999999998
9695,0.233
9696,0.43999999999999995
9697,0.101
9698,0.517
9699,0.839
9700,0.817
9701,0.199
9702,0.29852653519320227
9703,0.29852653519320227
9704,0.163
9705,0.7310000000000001
9706,0.604
9707,0.51
9708,0.039
9709,0.672
9710,0.326
9711,0.13499999999999998
9712,0.34500000000000003
9713,0.715
9714,0.018000000000000002
9715,0.576
9716,0.708
9717,0.046
9718,0.111
9719,0.648
9720,0.44199999999999995
9721,0.7000000000000001
9722,0.757
9723,0.419
9724,0.082
9725,0.627
9726,0.549
9727,0.7949999999999999
9728,0.29852653519320227
9729,0.5529999999999999
9730,0.438
9731,0.11299999999999999
9732,0.581
9733,0.29852653519320227
9734,0.423
9735,0.093
9736,0.7360000000000001
9737,0.40599999999999997
9738,0.423
9739,0.7540000000000001
9740,0.7220000000000001
9741,0.481
9742,0.394
9743,0.29852653519320227
9744,0.071
9745,0.28800000000000003
9746,0.527
9747,0.779
9748,0.213
9749,0.14300000000000002
9750,0.777
9751,0.711
9752,0.813
9753,0.633
9754,0.27699999999999997
9755,0.3083121212121212
9756,0.23299999999999998
9757,0.626
9758,0.655
9759,0.357
9760,0.26799999999999996
9761,0.7210000000000001
9762,0.44299999999999995
9763,0.8140000000000001
9764,0.709
9765,0.253
9766,0.877
9767,0.809
9768,0.8299999999999998
9769,0.8
9770,0.03
9771,0.649
9772,0.35100000000000003
9773,0.809
9774,0.29852653519320227
9775,0.547
9776,0.747
9777,0.129
9778,0.44299999999999995
9779,0.193
9780,0.476
9781,0.717
9782,0.674
9783,0.094
9784,0.743
9785,0.66
9786,0.589
9787,0.548
9788,0.048999999999999995
9789,0.081
9790,0.185
9791,0.07100000000000001
9792,0.29852653519320227
9793,0.08
9794,0.255
9795,0.40099999999999997
9796,0.616
9797,0.4739895622895623
9798,0.4423015873015873
9799,0.553
9800,0.7540000000000001
9801,0.34600000000000003
9802,0.305
9803,0.373
9804,0.63
9805,0.852
9806,0.327
9807,0.20500000000000002
9808,0.21700000000000003
9809,0.5462932098765432
9810,0.017
9811,0.5379999999999999
9812,0.262
9813,0.29852653519320227
9814,0.312
9815,0.36100000000000004
9816,0.5479999999999999
9817,0.617
9818,0.092
9819,0.604
9820,0.363
9821,0.482
9822,0.35700000000000004
9823,0.21300000000000002
9824,0.308
9825,0.122
9826,0.17600000000000002
9827,0.13
9828,0.23800000000000002
9829,0.138
9830,0.29852653519320227
9831,0.45499999999999996
9832,0.046000000000000006
9833,0.626
9834,0.668
9835,0.623
9836,0.352
9837,0.736
9838,0.8459999999999999
9839,0.45100000000000007
9840,0.299
9841,0.37200000000000005
9842,0.5900000000000001
9843,0.35200000000000004
9844,0.498
9845,0.19999999999999996
9846,0.10300000000000001
9847,0.549
9848,0.12800000000000003
9849,0.298
9850,0.588
9851,0.5559999999999999
9852,0.011
9853,0.29852653519320227
9854,0.757
9855,0.189
9856,0.7989999999999999
9857,0.4423015873015873
9858,0.4109999999999999
9859,0.481
9860,0.49
9861,0.102
9862,0.318
9863,0.5650000000000001
9864,0.09
9865,0.489
9866,0.45500000000000007
9867,0.664
9868,0.29852653519320227
9869,0.5
9870,0.51
9871,0.624
9872,0.25
9873,0.29852653519320227
9874,0.67
9875,0.309
9876,0.768
9877,0.722
9878,0.153
9879,0.153
9880,0.104
9881,0.681
9882,0.53
9883,0.23299999999999998
9884,0.774
9885,0.683
9886,0.22800000000000004
9887,0.717
9888,0.398
9889,0.08199999999999999
9890,0.34800000000000003
9891,0.483
9892,0.593
9893,0.837
9894,0.419
9895,0.33
9896,0.5579999999999999
9897,0.8119999999999998
9898,0.574
9899,0.7020000000000001
9900,0.697
9901,0.8373121212121211
9902,0.13799999999999998
9903,0.649
9904,0.817
9905,0.7729999999999999
9906,0.12299999999999998
9907,0.351
9908,0.46199999999999997
9909,0.116
9910,0.6910000000000001
9911,0.758
9912,0.875
9913,0.9279999999999999
9914,0.49
9915,0.621
9916,0.087
9917,0.594
9918,0.7729999999999999
9919,0.42599999999999993
9920,0.587
9921,0.31
9922,0.49600000000000005
9923,0.5462932098765432
9924,0.41899999999999993
9925,0.554
9926,0.153
9927,0.44299999999999995
9928,0.10300000000000001
9929,0.259
9930,0.538
9931,0.026999999999999996
9932,0.056
9933,0.42599999999999993
9934,0.29852653519320227
9935,0.396
9936,0.46099999999999997
9937,0.296
9938,0.3
9939,0.09
9940,0.598
9941,0.093
9942,0.308
9943,0.682
9944,0.36100000000000004
9945,0.4099999999999999
9946,0.684
9947,0.696
9948,0.113
9949,0.707
9950,0.036000000000000004
9951,0.264
9952,0.7123121212121212
9953,0.617
9954,0.262
9955,0.709
9956,0.22499999999999998
9957,0.584
9958,0.12299999999999998
9959,0.7050000000000001
9960,0.786
9961,0.026000000000000002
9962,0.557
9963,0.636
9964,0.5619999999999999
9965,0.645
9966,0.351
9967,0.6920000000000001
9968,0.526
9969,0.7230000000000001
9970,0.018000000000000002
9971,0.038
9972,0.717
9973,0.637
9974,0.604
9975,0.156
9976,0.34600000000000003
9977,0.474
9978,0.5319999999999999
9979,0.21400000000000002
9980,0.482
9981,0.664
9982,0.025
9983,0.038
9984,0.847
9985,0.6930000000000001
9986,0.589
9987,0.378
9988,0.44699999999999995
9989,0.472
9990,0.151
9991,0.33199999999999996
9992,0.29852653519320227
9993,0.472
9994,0.8639999999999999
9995,0.46699999999999997
9996,0.5
9997,0.472
9998,0.185
9999,0.8109999999999999
10000,0.092
10001,0.222
10002,0.552
10003,0.736
10004,0.401
10005,0.472
10006,0.328
10007,0.762
10008,0.5439999999999999
10009,0.186
10010,0.8019999999999999
10011,0.494
10012,0.545
10013,0.40399999999999997
10014,0.011
10015,0.848
10016,0.603
10017,0.679
10018,0.6890000000000001
10019,0.48700000000000004
10020,0.686
10021,0.263
10022,0.471
10023,0.509
10024,0.742
10025,0.48
10026,0.677
10027,0.156
10028,0.247
10029,0.259
10030,0.521
10031,0.018000000000000002
10032,0.766
10033,0.786
10034,0.19
10035,0.5680000000000001
10036,0.63
10037,0.237
10038,0.504
10039,0.766
10040,0.29852653519320227
10041,0.807
10042,0.191
10043,0.056
10044,0.033
10045,0.309
10046,0.17
10047,0.7729999999999999
10048,0.589
10049,0.46900000000000003
10050,0.728
10051,0.29852653519320227
10052,0.253
10053,0.5619999999999999
10054,0.625
10055,0.8219999999999998
10056,0.684
10057,0.092
10058,0.29852653519320227
10059,0.202
10060,0.11299999999999999
10061,0.8720000000000001
10062,0.071
10063,0.554
10064,0.7120000000000001
10065,0.46699999999999997
10066,0.047
10067,0.679
10068,0.29852653519320227
10069,0.15799999999999997
10070,0.732
10071,0.247
10072,0.497
10073,0.147
10074,0.189
10075,0.10300000000000001
10076,0.5439999999999999
10077,0.193
10078,0.42999999999999994
10079,0.6789999999999999
10080,0.572
10081,0.7929999999999999
10082,0.664
10083,0.549
10084,0.2
10085,0.776
10086,0.46776825396825406
10087,0.48
10088,0.619
10089,0.356
10090,0.43399999999999994
10091,0.185
10092,0.39899999999999997
10093,0.482
10094,0.29852653519320227
10095,0.5680000000000001
10096,0.005
10097,0.646
10098,0.317
10099,0.08900000000000001
10100,0.652
10101,0.222
10102,0.915
10103,0.38799999999999996
10104,0.26699999999999996
10105,0.40199999999999997
10106,0.33599999999999997
10107,0.165
10108,0.387
10109,0.27399999999999997
10110,0.165
10111,0.626
10112,0.061
10113,0.491
10114,0.53
10115,0.66
10116,0.126
10117,0.617
10118,0.388
10119,0.472
10120,0.017
10121,0.8639999999999999
10122,0.764
10123,0.548
10124,0.07300000000000001
10125,0.018000000000000002
10126,0.23299999999999998
10127,0.7020000000000001
10128,0.34400000000000003
10129,0.26799999999999996
10130,0.42599999999999993
10131,0.021
10132,0.274
10133,0.948
10134,1.0
10135,0.289
10136,0.152
10137,0.593
10138,0.7030000000000001
10139,0.877
10140,0.682
10141,0.481
10142,0.18399999999999997
10143,0.038
10144,0.269
10145,0.686
10146,0.852
10147,0.35600000000000004
10148,0.696
10149,0.046
10150,0.684
10151,0.324
10152,0.29852653519320227
10153,0.6406031746031746
10154,0.356
10155,0.6930000000000001
10156,0.009000000000000001
10157,0.624
10158,0.43199999999999994
10159,0.37700000000000006
10160,0.29852653519320227
10161,0.29852653519320227
10162,0.195
10163,0.10899999999999999
10164,0.638
10165,0.29852653519320227
10166,0.22
10167,0.033
10168,0.7030000000000001
10169,0.599
10170,0.46199999999999997
10171,0.502
10172,0.728
10173,0.6940000000000001
10174,0.27899999999999997
10175,0.06899999999999999
10176,0.476
10177,0.478
10178,0.664
10179,0.36100000000000004
10180,0.82
10181,0.5840000000000001
10182,0.29852653519320227
10183,0.478
10184,0.40800000000000003
10185,0.625
10186,0.352
10187,0.29852653519320227
10188,0.094
10189,0.6789999999999999
10190,0.29852653519320227
10191,0.248
10192,0.667
10193,0.5680000000000001
10194,0.114
10195,0.7989999999999999
10196,0.61
10197,0.702
10198,0.29852653519320227
10199,0.29852653519320227
10200,0.29852653519320227
10201,0.603
10202,0.213
10203,0.7150000000000001
10204,0.859
10205,0.195
10206,0.42399999999999993
10207,0.45099999999999996
10208,0.52
10209,0.7390000000000001
10210,0.606
10211,0.473
10212,0.35200000000000004
10213,0.203
10214,0.8459999999999999
10215,0.047
10216,0.11
10217,0.129
10218,0.26799999999999996
10219,0.185
10220,0.29852653519320227
10221,0.124
10222,0.338
10223,0.036000000000000004
10224,0.319
10225,0.8579999999999999
10226,0.43700000000000006
10227,0.29852653519320227
10228,0.193
10229,0.583
10230,0.779
10231,0.493
10232,0.649
10233,0.7050000000000001
10234,0.14
10235,0.46199999999999997
10236,0.22
10237,0.296
10238,0.165
10239,0.498
10240,0.45699999999999996
10241,0.26199999999999996
10242,0.24300000000000002
10243,0.773
10244,0.018000000000000002
10245,0.17500000000000002
10246,0.571
10247,0.124
10248,0.015000000000000003
10249,0.488
10250,0.018000000000000002
10251,0.909
10252,0.05499999999999999
10253,0.33
10254,0.311
10255,0.05499999999999999
10256,0.036000000000000004
10257,0.324
10258,0.251
10259,0.10400000000000001
10260,0.657
10261,0.593
10262,0.29852653519320227
10263,0.7150000000000001
10264,0.655
10265,0.039
10266,0.21899999999999997
10267,0.21899999999999997
10268,0.29852653519320227
10269,0.861
10270,0.41999999999999993
10271,0.526
10272,0.8519999999999999
10273,0.7150000000000001
10274,0.788
10275,0.5289999999999999
10276,0.584
10277,0.093
10278,0.185
10279,0.315
10280,0.596
10281,0.45100000000000007
10282,0.02
10283,0.502
10284,0.245
10285,0.22800000000000004
10286,0.843
10287,0.29852653519320227
10288,0.668
10289,0.683
10290,0.075
10291,0.115
10292,0.376
10293,0.8679999999999999
10294,0.481
10295,0.611
10296,0.37200000000000005
10297,0.603
10298,0.184
10299,0.574
10300,0.7220000000000001
10301,0.4612044171877505
10302,0.7540000000000001
10303,0.745
10304,0.24300000000000002
10305,0.11499999999999999
10306,0.304
10307,0.576
10308,0.127
10309,0.661
10310,0.046
10311,0.717
10312,0.915
10313,0.668
10314,0.203
10315,0.482
10316,0.537
10317,0.07799999999999999
10318,0.548
10319,0.093
10320,0.7510000000000001
10321,0.296
10322,0.554
10323,0.8019999999999999
10324,0.42300000000000004
10325,0.95
10326,0.832
10327,0.54
10328,0.716
10329,0.7949999999999999
10330,0.5462932098765432
10331,0.43600000000000005
10332,0.29852653519320227
10333,0.042
10334,0.293
10335,0.213
10336,0.121
10337,0.376
10338,0.11299999999999999
10339,0.758
10340,0.076
10341,0.29852653519320227
10342,0.7510000000000001
10343,0.54
10344,0.189
10345,0.6910000000000001
10346,0.42000000000000004
10347,0.159
10348,0.09600000000000002
10349,0.29852653519320227
10350,0.193
10351,0.03799999999999999
10352,0.482
10353,0.377
10354,0.29852653519320227
10355,0.59
10356,0.213
10357,0.20800000000000002
10358,0.402
10359,0.186
10360,0.77
10361,0.672
10362,0.06499999999999999
10363,0.648
10364,0.736
10365,0.21700000000000003
10366,0.549
10367,0.6012777777777778
10368,0.546
10369,0.545
10370,0.46199999999999997
10371,0.638
10372,0.10400000000000001
10373,0.506
10374,0.803
10375,0.18300000000000002
10376,0.9300000000000002
10377,0.06899999999999999
10378,0.064
10379,0.601
10380,0.06899999999999999
10381,0.29852653519320227
10382,0.489
10383,0.36700000000000005
10384,0.201
10385,0.471
10386,0.293
10387,0.237
10388,0.637
10389,0.5529999999999999
10390,0.291
10391,0.8530000000000001
10392,0.809
10393,0.604
10394,0.07799999999999999
10395,0.385
10396,0.798
10397,0.779
10398,0.261
10399,0.683
10400,0.10099999999999999
10401,0.159
10402,0.11499999999999999
10403,0.36700000000000005
10404,0.13199999999999998
10405,0.5383079365079365
10406,0.084
10407,0.5892932098765432
10408,0.38600000000000007
10409,0.44799999999999995
10410,0.291
10411,0.168
10412,0.022
10413,0.29852653519320227
10414,0.318
10415,0.834
10416,0.472
10417,0.779
10418,0.36100000000000004
10419,0.10899999999999999
10420,0.111
10421,0.29852653519320227
10422,0.619
10423,0.263
10424,0.05
10425,0.034
10426,0.052000000000000005
10427,0.677
10428,0.093
10429,0.092
10430,0.766
10431,0.295
10432,0.11499999999999999
10433,0.396
10434,0.29
10435,0.7390000000000001
10436,0.10200000000000001
10437,0.29852653519320227
10438,0.261
10439,0.817
10440,0.475
10441,0.839
10442,0.664
10443,0.627
10444,0.094
10445,0.404
10446,0.187
10447,0.606
10448,0.29852653519320227
10449,0.302
10450,0.7120000000000001
10451,0.42699999999999994
10452,0.7449999999999999
10453,0.5630000000000001
10454,0.737
10455,0.101
10456,0.627
10457,0.574
10458,0.174
10459,0.24227777777777781
